Gioi tinh,Dan toc,Trinh do hoc van cua bo me,Dinh duong,Khoa on thi,Toan ,Van,Anh
1,2,4,1,0,72,72,74
1,3,3,1,1,69,90,88
1,2,5,1,0,90,95,93
2,1,1,2,0,47,57,44
2,3,3,1,0,76,78,75
1,2,1,1,0,71,83,78
1,2,3,1,1,88,95,92
2,2,3,2,0,40,43,39
2,4,2,2,1,64,64,67
1,2,2,2,0,38,60,50
2,3,1,1,0,58,54,52
2,4,1,1,0,40,52,43
1,2,2,1,0,65,81,73
2,1,3,1,1,78,72,70
1,1,5,1,0,50,53,58
1,3,2,1,0,69,75,78
2,3,2,1,0,88,89,86
1,2,2,2,0,18,32,28
2,3,5,2,1,46,42,46
1,3,1,2,0,54,58,61
2,4,2,1,0,66,69,63
1,2,3,2,1,65,75,70
2,4,3,1,0,44,54,53
1,3,2,1,0,69,73,73
2,4,4,2,1,74,71,80
2,1,5,2,0,73,74,72
2,2,3,1,0,69,54,55
1,3,4,1,0,67,69,75
2,3,2,1,0,70,70,65
1,4,5,1,0,62,70,75
1,4,3,1,0,69,74,74
1,2,3,1,0,63,65,61
1,5,5,2,0,56,72,65
2,4,3,1,0,40,42,38
2,5,3,1,0,97,87,82
2,5,1,1,1,81,81,79
1,4,1,1,0,74,81,83
1,4,2,2,0,50,64,59
1,4,1,2,1,75,90,88
2,2,1,2,0,57,56,57
2,3,1,2,0,55,61,54
1,3,1,1,0,58,73,68
1,2,1,1,0,53,58,65
2,2,3,2,1,59,65,66
1,5,1,2,0,50,56,54
2,2,1,1,0,65,54,57
1,1,1,1,1,55,65,62
1,3,2,1,0,66,71,76
1,4,1,2,1,57,74,76
2,3,2,1,1,82,84,82
2,5,3,1,0,53,55,48
2,5,1,2,1,77,69,68
2,3,3,1,0,53,44,42
2,4,2,1,0,88,78,75
1,3,2,2,1,71,84,87
1,3,2,2,0,33,41,43
1,5,1,1,1,82,85,86
2,4,1,1,0,52,55,49
2,4,3,1,1,58,59,58
1,3,2,2,0,0,17,10
2,5,4,2,1,79,74,72
2,1,2,2,0,39,39,34
2,1,1,2,0,62,61,55
1,3,1,1,0,69,80,71
1,4,2,1,0,59,58,59
2,2,2,1,0,67,64,61
2,4,2,2,0,45,37,37
1,3,3,1,0,60,72,74
2,2,1,2,0,61,58,56
1,3,1,1,0,39,64,57
1,4,3,2,1,58,63,73
2,4,3,1,1,63,55,63
1,1,1,2,0,41,51,48
2,3,2,2,0,61,57,56
2,3,2,1,0,49,49,41
2,2,1,2,0,44,41,38
2,5,2,1,0,30,26,22
2,1,4,1,1,80,78,81
1,4,2,1,1,61,74,72
1,5,5,1,0,62,68,68
1,2,1,1,0,47,49,50
2,2,2,2,0,49,45,45
2,1,3,2,1,50,47,54
2,5,1,1,0,72,64,63
2,4,2,2,0,42,39,34
1,3,3,1,0,73,80,82
1,3,3,2,0,76,83,88
1,4,1,1,0,71,71,74
1,1,3,1,0,58,70,67
1,4,2,1,0,73,86,82
1,3,4,1,0,65,72,74
2,3,2,2,0,27,34,36
2,3,2,1,0,71,79,71
2,3,1,2,1,43,45,50
1,2,3,1,0,79,86,92
2,3,1,2,1,78,81,82
2,2,2,1,1,65,66,62
1,5,3,1,1,63,72,70
1,4,3,2,0,58,67,62
1,4,4,1,0,65,67,62
2,2,3,1,0,79,67,67
2,4,4,1,1,68,74,74
1,4,1,1,0,85,91,89
2,2,2,1,1,60,44,47
2,3,3,1,1,98,86,90
1,3,3,1,0,58,67,72
1,4,5,1,0,87,100,100
2,5,1,1,1,66,63,64
1,2,1,2,0,52,76,70
1,2,2,1,0,70,64,72
1,4,1,2,1,77,89,98
2,3,2,1,0,62,55,49
2,1,1,1,0,54,53,47
1,4,3,1,0,51,58,54
1,5,4,1,1,99,100,100
2,3,2,1,0,84,77,74
1,2,4,2,0,75,85,82
1,4,4,1,0,78,82,79
1,4,2,1,0,51,63,61
1,3,3,1,0,55,69,65
1,3,4,1,1,79,92,89
2,2,1,1,1,91,89,92
1,3,3,1,1,88,93,93
2,4,2,2,0,63,57,56
2,5,3,1,0,83,80,73
1,2,2,1,0,87,95,86
2,2,2,1,0,72,68,67
2,4,3,1,1,65,77,74
2,4,5,1,0,82,82,74
1,1,4,1,0,51,49,51
2,4,5,1,0,89,84,82
2,3,2,2,1,53,37,40
2,5,3,2,1,87,74,70
1,3,3,1,1,75,81,84
2,4,4,2,1,74,79,75
2,3,4,1,0,58,55,48
2,2,2,1,1,51,54,41
2,5,2,1,0,70,55,56
1,3,1,1,0,59,66,67
2,4,3,1,1,71,61,69
1,4,2,1,0,76,72,71
1,3,3,2,0,59,62,64
1,5,3,2,1,42,55,54
2,1,2,1,0,57,43,47
2,4,3,1,0,88,73,78
1,3,3,2,0,22,39,33
2,2,2,1,0,88,84,75
2,3,1,2,0,73,68,66
1,4,4,1,1,68,75,81
2,5,1,2,1,100,100,93
2,1,2,1,1,62,67,69
2,1,4,1,0,77,67,68
1,2,1,1,1,59,70,66
2,4,4,1,0,54,49,47
2,4,2,1,0,62,67,61
1,3,3,1,1,70,89,88
1,5,2,2,1,66,74,78
2,2,3,2,0,60,60,60
1,2,1,1,1,61,86,87
2,4,1,2,0,66,62,64
2,2,1,2,1,82,78,74
1,5,3,2,1,75,88,85
2,2,5,2,0,49,53,52
2,3,2,1,0,52,53,49
1,5,5,1,0,81,92,91
1,3,4,1,1,96,100,100
2,3,2,2,1,53,51,51
1,2,5,2,1,58,76,78
1,2,2,1,1,68,83,78
1,3,3,2,1,67,75,70
2,1,2,1,1,72,73,74
2,5,2,1,0,94,88,78
1,4,3,1,0,79,86,81
1,3,1,1,0,63,67,70
1,3,4,2,1,43,51,54
1,3,5,1,1,81,91,87
1,2,2,2,1,46,54,58
1,3,1,1,1,71,77,77
1,2,5,2,1,52,70,62
1,4,2,1,1,97,100,100
2,3,5,2,1,62,68,75
1,3,3,2,0,46,64,66
1,5,2,1,0,50,50,47
1,4,1,1,0,65,69,70
2,3,2,2,1,45,52,49
2,3,1,2,1,65,67,65
2,5,2,1,0,80,76,65
2,4,2,1,1,62,66,68
2,2,2,2,0,48,52,45
1,3,4,1,0,77,88,87
1,5,1,1,0,66,65,69
2,4,3,1,1,76,83,79
1,2,2,1,0,62,64,66
2,4,3,1,1,77,62,62
1,3,5,1,1,69,84,85
2,4,1,1,0,61,55,52
2,3,2,2,1,59,69,65
2,5,2,2,0,55,56,51
1,2,3,2,0,45,53,55
1,2,4,2,0,78,79,76
1,3,1,1,1,67,84,86
1,4,3,2,0,65,81,77
2,3,1,1,0,69,77,69
1,2,1,1,0,57,69,68
2,3,3,1,0,59,41,42
2,4,2,1,1,74,71,78
2,5,4,1,0,82,62,62
2,5,2,1,1,81,80,76
1,2,3,2,0,74,81,76
1,2,3,2,0,58,61,66
2,4,2,2,1,80,79,79
2,3,3,2,0,35,28,27
1,3,2,2,0,42,62,60
2,3,1,2,1,60,51,56
2,5,2,1,1,87,91,81
2,2,2,1,1,84,83,75
1,5,1,2,1,83,86,88
1,3,2,2,0,34,42,39
2,2,2,2,0,66,77,70
2,2,2,1,1,61,56,56
1,4,2,1,1,56,68,74
2,2,1,1,0,87,85,73
1,3,2,2,0,55,65,62
2,4,2,1,0,86,80,75
1,2,1,1,1,52,66,73
1,5,5,2,0,45,56,54
1,3,3,1,0,72,72,71
2,4,2,1,0,57,50,54
2,1,2,2,0,68,72,64
1,3,3,1,1,88,95,94
2,4,3,1,0,76,64,66
2,3,1,1,0,46,43,42
1,2,4,1,0,67,86,83
2,5,2,1,0,92,87,78
2,3,4,1,1,83,82,84
2,4,1,1,0,80,75,77
2,4,4,2,0,63,66,67
1,4,2,1,1,64,60,74
2,2,3,1,0,54,52,51
2,3,1,1,0,84,80,80
2,4,2,2,1,73,68,66
1,5,4,1,0,80,83,83
1,4,2,1,0,56,52,55
2,5,3,1,0,59,51,43
2,4,2,1,0,75,74,69
2,3,1,1,0,85,76,71
2,5,1,1,0,89,76,74
1,2,2,1,1,58,70,68
1,2,2,1,0,65,64,62
2,3,2,1,0,68,60,53
2,1,2,1,1,47,49,49
1,4,3,2,0,71,83,83
1,2,2,1,1,60,70,70
2,4,5,1,0,80,80,72
2,4,2,1,0,54,52,52
1,5,3,1,0,62,73,70
1,3,1,2,0,64,73,68
2,3,1,1,1,78,77,77
1,2,3,1,0,70,75,78
1,3,5,2,1,65,81,81
1,3,2,2,1,64,79,77
2,3,3,1,1,79,79,78
1,3,2,2,0,44,50,51
1,5,2,1,0,99,93,90
2,4,2,1,0,76,73,68
2,4,2,2,0,59,42,41
1,3,4,1,0,63,75,81
1,4,2,1,0,69,72,77
1,4,1,1,1,88,92,95
1,5,3,2,0,71,76,70
2,3,4,1,0,69,63,61
2,3,3,1,0,58,49,42
1,4,1,2,0,47,53,58
1,4,3,1,0,65,70,71
2,2,3,1,1,88,85,76
2,3,4,1,0,83,78,73
1,3,2,1,1,85,92,93
1,5,2,1,1,59,63,75
1,3,2,2,0,65,86,80
2,2,4,2,0,73,56,57
2,4,2,1,0,53,52,42
2,4,2,1,0,45,48,46
1,4,4,2,0,73,79,84
1,4,3,2,1,70,78,78
1,2,2,1,0,37,46,46
2,2,1,1,1,81,82,82
2,5,1,1,1,97,82,88
1,2,2,1,0,67,89,82
2,2,4,2,0,88,75,76
2,5,2,1,1,77,76,77
2,3,1,1,0,76,70,68
2,4,2,1,0,86,73,70
2,3,2,1,1,63,60,57
1,5,4,1,0,65,73,75
2,4,2,2,1,78,77,80
2,2,1,2,0,67,62,60
2,1,2,1,1,46,41,43
2,5,1,1,1,71,74,68
2,3,2,2,1,40,46,50
2,4,1,2,0,90,87,75
2,1,3,2,1,81,78,81
2,4,2,2,0,56,54,52
1,3,1,1,1,67,84,81
2,2,1,1,0,80,76,64
1,3,1,1,1,74,75,83
2,1,3,1,0,69,67,69
2,5,3,1,1,99,87,81
2,3,2,1,0,51,52,44
1,2,1,2,0,53,71,67
1,4,2,2,0,49,57,52
1,2,1,1,0,73,76,80
2,2,4,1,0,66,60,57
2,4,4,1,1,67,61,68
1,3,1,2,1,68,67,69
1,3,4,1,1,59,64,75
2,3,2,1,0,71,66,65
1,4,5,1,1,77,82,91
2,3,1,1,0,83,72,78
2,2,4,1,0,63,71,69
1,4,1,2,0,56,65,63
1,3,2,2,1,67,79,84
1,5,2,1,0,75,86,79
1,3,3,1,0,71,81,80
1,3,2,2,0,43,53,53
1,3,2,2,0,41,46,43
1,3,3,1,0,82,90,94
2,3,3,1,0,61,61,62
2,1,3,2,0,28,23,19
2,3,1,1,1,82,75,77
1,2,2,1,0,41,55,51
2,3,2,1,0,71,60,61
2,3,1,1,0,47,37,35
2,5,1,1,1,62,56,53
2,2,1,1,0,90,78,81
1,3,4,1,0,83,93,95
1,2,3,2,0,61,68,66
2,4,2,1,1,76,70,69
2,3,1,1,0,49,51,43
1,2,2,2,0,24,38,27
1,4,2,2,1,35,55,60
2,3,2,2,0,58,61,52
1,3,2,1,0,61,73,63
1,2,2,1,1,69,76,74
2,4,1,1,1,67,72,67
2,4,3,1,0,79,73,67
1,3,2,1,0,72,80,75
2,2,3,1,0,62,61,57
1,3,4,1,1,77,94,95
2,4,2,2,0,75,74,66
2,5,1,1,0,87,74,76
1,2,4,1,0,52,65,69
2,5,3,1,0,66,57,52
1,3,3,1,1,63,78,80
1,3,1,1,0,46,58,57
1,3,3,1,0,59,71,70
1,2,4,1,0,61,72,70
2,1,1,1,0,63,61,61
1,3,3,2,1,42,66,69
2,4,3,2,0,59,62,61
1,4,3,1,0,80,90,89
1,2,2,1,0,58,62,59
2,2,2,1,1,85,84,78
1,3,3,1,0,52,58,58
1,4,2,2,0,27,34,32
2,3,3,1,0,59,60,58
2,1,4,2,1,49,58,60
2,3,2,1,1,69,58,53
2,3,4,2,0,61,66,61
1,1,2,2,0,44,64,58
1,4,2,1,0,73,84,85
2,5,3,1,0,84,77,71
1,3,3,2,1,45,73,70
2,4,2,1,0,74,74,72
1,4,3,1,1,82,97,96
1,4,4,1,0,59,70,73
2,5,1,2,0,46,43,41
1,4,2,1,0,80,90,82
1,4,5,2,1,85,95,100
1,1,2,1,0,71,83,77
2,1,4,1,0,66,64,62
1,2,1,1,0,80,86,83
2,3,1,1,1,87,100,95
2,3,5,2,0,79,81,71
1,5,2,2,0,38,49,45
1,1,2,2,0,38,43,43
1,5,3,1,0,67,76,75
1,5,4,1,0,64,73,70
1,3,1,2,0,57,78,67
1,4,2,1,0,62,64,64
2,4,5,1,0,73,70,75
2,5,2,2,1,73,67,59
1,4,3,1,0,77,68,77
2,5,3,1,0,76,67,67
2,3,1,1,1,57,54,56
1,3,2,1,1,65,74,77
2,1,2,2,0,48,45,41
1,2,2,2,0,50,67,63
1,3,1,1,0,85,89,95
2,2,2,1,0,74,63,57
2,4,2,1,0,60,59,54
1,3,2,1,1,59,54,67
2,1,3,1,0,53,43,43
1,1,3,2,0,49,65,55
1,4,2,1,1,88,99,100
1,3,2,1,0,54,59,62
1,3,2,1,0,63,73,68
2,2,1,1,1,65,65,63
1,2,1,1,0,82,80,77
1,4,2,2,1,52,57,56
2,4,1,1,1,87,84,85
1,4,5,1,1,70,71,74
2,5,3,1,1,84,83,78
2,4,1,1,0,71,66,60
2,2,2,1,1,63,67,67
1,3,4,2,1,51,72,79
2,5,2,1,0,84,73,69
2,3,4,1,1,71,74,68
2,3,1,1,0,74,73,67
2,4,3,1,0,68,59,62
2,5,2,2,1,57,56,54
1,3,1,2,1,82,93,93
1,4,2,1,1,57,58,64
1,4,5,2,1,47,58,67
1,1,2,1,1,59,85,80
2,2,3,2,0,41,39,34
1,3,3,2,0,62,67,62
2,3,4,1,0,86,83,86
2,3,2,2,0,69,71,65
2,1,2,2,0,65,59,53
2,3,2,2,0,68,63,54
2,3,1,2,0,64,66,59
1,3,2,1,0,61,72,70
2,3,2,1,0,61,56,55
1,1,2,2,0,47,59,50
2,3,2,1,0,73,66,66
2,3,3,2,1,50,48,53
2,4,1,1,0,75,68,64
2,4,1,2,0,75,66,73
2,3,2,1,0,70,56,51
2,4,2,1,1,89,88,82
1,3,3,1,1,67,81,79
1,4,2,1,0,78,81,80
1,1,2,2,0,59,73,69
1,2,1,1,0,73,83,76
2,1,2,2,0,79,82,73
1,3,2,1,1,67,74,77
2,4,3,2,0,69,66,60
2,3,2,1,1,86,81,80
2,2,2,1,0,47,46,42
2,2,1,1,0,81,73,72
1,3,3,2,1,64,85,85
1,5,3,1,0,100,92,97
1,3,1,2,0,65,77,74
2,3,3,2,0,65,58,49
1,3,1,2,0,53,61,62
2,3,4,2,0,37,56,47
1,4,4,1,0,79,89,89
2,4,1,2,0,53,54,48
1,5,4,1,0,100,100,100
2,2,2,1,1,72,65,68
2,3,4,2,0,53,58,55
2,2,3,2,0,54,54,45
1,5,3,1,0,71,70,76
1,3,3,2,0,77,90,91
2,1,4,1,1,75,58,62
1,3,3,1,0,84,87,91
1,4,1,2,0,26,31,38
2,1,2,2,1,72,67,65
1,1,2,2,1,77,88,85
2,3,3,1,0,91,74,76
1,3,1,1,1,83,85,90
1,3,2,1,0,63,69,74
1,3,1,1,1,68,86,84
1,4,2,1,0,59,67,61
1,2,1,1,1,90,90,91
1,4,4,1,1,71,76,83
2,5,4,1,1,76,62,66
2,4,1,1,0,80,68,72
1,4,5,1,0,55,64,70
2,5,1,1,0,76,71,67
2,2,2,1,1,73,71,68
1,4,1,2,0,52,59,56
2,3,3,2,0,68,68,61
2,1,2,1,0,59,52,46
1,2,1,1,0,49,52,54
2,3,2,1,0,70,74,71
2,4,3,2,0,61,47,56
1,3,1,2,0,60,75,74
2,2,2,1,1,64,53,57
2,1,1,2,1,79,82,82
1,1,1,2,0,65,85,76
1,3,1,1,0,64,64,70
1,3,3,1,0,83,83,90
1,3,4,1,0,81,88,90
1,2,2,1,0,54,64,68
2,4,2,1,1,68,64,66
1,3,3,1,0,54,48,52
1,4,3,2,1,59,78,76
1,2,2,1,0,66,69,68
2,5,3,1,0,76,71,72
1,4,5,1,0,74,79,82
1,2,1,1,1,94,87,92
2,3,3,2,0,63,61,54
1,5,1,1,1,95,89,92
1,4,5,2,0,40,59,54
1,2,2,1,0,82,82,80
2,1,2,1,0,68,70,66
2,2,4,2,0,55,59,54
2,3,5,1,0,79,78,77
1,3,4,1,0,86,92,87
2,4,3,1,0,76,71,73
2,1,2,1,0,64,50,43
2,4,2,2,0,62,49,52
1,2,2,1,1,54,61,62
1,2,5,2,1,77,97,94
1,3,2,1,1,76,87,85
1,4,3,1,0,74,89,84
1,5,3,1,1,66,74,73
1,4,2,1,1,66,78,78
1,2,2,2,1,67,78,79
2,4,3,1,0,71,49,52
1,3,1,1,0,91,86,84
2,4,4,1,0,69,58,57
2,3,5,2,0,54,59,50
2,3,2,1,1,53,52,49
2,5,3,1,0,68,60,59
2,3,2,2,1,56,61,60
1,3,2,2,0,36,53,43
1,4,4,2,0,29,41,47
1,3,1,1,0,62,74,70
1,3,1,1,1,68,67,73
1,3,2,1,0,47,54,53
2,5,1,1,1,62,61,58
1,5,1,1,1,79,88,94
2,2,2,1,1,73,69,68
1,3,4,2,1,66,83,83
2,3,1,1,1,51,60,58
1,4,2,1,0,51,66,62
2,5,4,1,1,85,66,71
2,1,1,1,1,97,92,86
2,3,2,1,1,75,69,68
2,4,1,2,1,79,82,80
1,3,1,1,0,81,77,79
1,4,1,1,0,82,95,89
1,4,5,1,0,64,63,66
2,5,2,2,1,78,83,80
1,1,2,1,1,92,100,97
2,3,2,1,1,72,67,64
1,3,2,2,0,62,67,64
2,3,5,1,0,79,72,69
2,3,2,2,0,79,76,65
2,2,4,2,1,87,90,88
1,2,1,1,0,40,48,50
2,4,3,2,0,77,62,64
2,5,1,1,0,53,45,40
1,3,3,2,0,32,39,33
1,3,1,1,1,55,72,79
2,3,5,2,0,61,67,66
1,2,1,2,0,53,70,70
2,4,2,1,0,73,66,62
1,4,3,1,1,74,75,79
1,3,3,1,0,63,74,74
2,3,4,1,1,96,90,92
1,4,3,2,1,63,80,80
2,2,4,2,0,48,51,46
2,2,1,1,0,48,43,45
1,5,4,2,1,92,100,100
1,4,5,2,1,61,71,78
2,2,2,2,0,63,48,47
2,4,4,2,0,68,68,67
2,2,3,1,1,71,75,70
2,1,4,1,0,91,96,92
1,3,3,1,0,53,62,56
1,3,2,2,1,50,66,64
1,5,2,1,0,74,81,71
2,1,1,2,1,40,55,53
2,1,3,1,1,61,51,52
1,2,2,1,0,81,91,89
1,2,3,2,1,48,56,58
1,4,5,1,0,53,61,68
1,4,2,1,0,81,97,96
1,5,2,1,0,77,79,80
1,4,4,2,0,63,73,78
1,4,1,1,1,73,75,80
1,4,3,1,0,69,77,77
1,3,1,1,0,65,76,76
1,1,2,1,0,55,73,73
1,3,4,2,0,44,63,62
1,3,3,1,0,54,64,65
1,1,2,1,0,48,66,65
2,3,3,2,0,58,57,54
2,1,2,1,0,71,62,50
2,5,4,1,0,68,68,64
1,5,2,1,0,74,76,73
1,3,4,1,1,92,100,99
1,3,4,1,1,56,79,72
2,2,2,2,0,30,24,15
2,1,2,1,0,53,54,48
1,4,2,1,0,69,77,73
1,4,2,1,0,65,82,81
1,4,5,1,0,54,60,63
1,3,2,1,0,29,29,30
1,5,3,1,0,76,78,80
2,4,2,2,0,60,57,51
2,4,5,2,1,84,89,90
2,3,2,1,0,75,72,62
1,3,1,1,0,85,84,82
1,3,5,2,0,40,58,54
1,5,3,1,0,61,64,62
1,2,1,1,0,58,63,65
2,4,3,2,1,69,60,63
1,3,3,1,0,58,59,66
2,3,4,1,1,94,90,91
1,3,1,1,0,65,77,74
1,1,1,1,0,82,93,93
1,3,2,1,0,60,68,72
1,5,4,1,0,37,45,38
2,4,4,1,0,88,78,83
2,4,5,1,0,95,81,84
2,3,1,2,1,65,73,68
1,3,2,2,0,35,61,54
2,2,4,2,0,62,63,56
2,3,2,2,1,58,51,52
2,1,3,1,1,100,96,86
1,5,4,2,0,61,58,62
2,4,3,1,1,100,97,99
2,2,1,2,1,69,70,63
2,4,1,1,0,61,48,46
2,4,3,2,0,49,57,46
1,3,2,1,1,44,51,55
2,4,3,1,0,67,64,70
2,2,2,1,0,79,60,65
1,2,4,1,1,66,74,81
1,3,2,1,0,75,88,85
2,4,2,1,0,84,84,80
2,1,2,1,0,71,74,64
1,2,2,2,1,67,80,81
1,4,2,1,1,80,92,88
2,5,3,1,0,86,76,74
1,4,1,1,0,76,74,73
2,4,2,1,0,41,52,51
1,4,1,2,1,74,88,90
1,2,2,2,0,72,81,79
1,5,2,1,1,74,79,80
2,2,2,1,0,70,65,60
1,2,4,1,1,65,81,81
1,4,1,1,0,59,70,65
1,5,2,2,0,64,62,68
1,2,2,1,0,50,53,55
1,4,3,1,1,69,79,81
2,3,2,2,1,51,56,53
1,1,2,1,1,68,80,76
1,4,3,1,1,85,86,98
1,1,1,1,1,65,70,74
1,2,2,1,0,73,79,79
1,2,3,1,0,62,67,67
2,3,1,2,0,77,67,64
2,4,2,1,0,69,66,61
1,4,1,2,0,43,60,58
2,4,1,1,0,90,87,85
2,3,3,2,0,74,77,73
2,3,2,1,0,73,66,63
1,4,3,2,0,55,71,69
1,3,2,1,0,65,69,67
2,4,1,1,0,80,63,63
1,3,2,2,1,50,60,60
1,3,3,2,1,63,73,71
1,2,4,2,0,77,85,87
2,3,3,1,0,73,74,61
2,4,1,1,1,81,72,77
1,3,2,2,0,66,76,68
2,4,1,2,0,52,57,50
1,3,3,1,0,69,78,76
1,3,1,1,1,65,84,84
1,4,2,1,1,69,77,78
1,2,3,1,1,50,64,66
1,5,3,1,1,73,78,76
1,3,2,1,1,70,82,76
2,4,1,2,0,81,75,78
2,4,3,2,0,63,61,60
1,4,2,1,0,67,72,74
2,2,2,1,0,60,68,60
2,2,2,1,0,62,55,54
1,3,2,2,1,29,40,44
2,2,3,1,1,62,66,68
1,5,5,1,1,94,99,100
2,5,3,1,1,85,75,68
2,4,1,2,0,77,78,73
2,1,2,2,0,53,58,44
2,5,3,2,0,93,90,83
1,3,1,1,0,49,53,53
1,5,1,2,0,73,76,78
1,3,4,2,1,66,74,81
1,4,1,1,0,77,77,73
1,3,2,1,0,49,63,56
1,4,3,2,0,79,89,86
1,3,1,1,1,75,82,90
1,1,4,1,0,59,72,70
1,4,1,1,1,57,78,79
2,3,2,2,0,66,66,59
1,5,4,1,1,79,81,82
1,2,2,1,0,57,67,72
2,1,4,1,1,87,84,87
1,4,3,1,0,63,64,67
1,2,2,2,1,59,63,64
2,1,4,2,0,62,72,65
2,4,2,1,0,46,34,36
2,3,3,1,0,66,59,52
2,4,2,1,0,89,87,79
1,4,1,2,1,42,61,58
2,3,3,1,1,93,84,90
1,5,2,1,1,80,85,85
1,4,3,1,0,98,100,99
2,4,5,1,0,81,81,84
1,2,2,1,1,60,70,74
1,2,1,2,1,76,94,87
2,3,1,1,1,73,78,72
1,3,1,1,1,96,96,99
1,3,2,1,0,76,76,74
2,5,1,2,1,91,73,80
1,3,3,2,0,62,72,70
2,4,2,2,1,55,59,59
1,2,2,2,1,74,90,88
2,3,2,1,0,50,48,42
2,2,3,1,0,47,43,41
2,5,3,1,1,81,74,71
1,5,1,1,1,65,75,77
2,5,2,1,1,68,51,57
1,4,2,2,0,73,92,84
2,3,3,1,0,53,39,37
1,2,1,2,1,68,77,80
2,1,2,2,0,55,46,43
1,3,3,1,1,87,89,94
2,4,2,1,0,55,47,44
1,5,3,2,0,53,58,57
2,3,5,1,0,67,57,59
2,3,1,1,0,92,79,84
1,2,3,2,1,53,66,73
2,4,1,1,0,81,71,73
2,3,2,2,0,61,60,55
2,4,4,1,0,80,73,72
1,1,1,2,0,37,57,56
1,3,2,1,0,81,84,82
1,3,1,1,1,59,73,72
2,2,3,2,0,55,55,47
2,4,1,1,0,72,79,74
2,4,2,1,0,69,75,71
2,3,3,1,0,69,64,68
1,3,4,2,0,50,60,59
2,2,3,1,1,87,84,86
2,4,2,1,1,71,69,68
2,5,3,1,0,68,72,65
2,3,5,2,1,79,77,75
1,3,2,1,1,77,90,85
2,3,1,2,0,58,55,53
1,5,1,1,0,84,95,92
2,4,3,1,0,55,58,52
2,5,4,2,1,70,68,72
1,4,3,2,1,52,59,65
2,2,3,1,1,69,77,77
1,3,2,2,0,53,72,64
1,4,2,1,0,48,58,54
2,4,2,1,1,78,81,86
1,2,2,1,0,62,62,63
2,4,3,1,0,60,63,59
1,2,2,1,0,74,72,72
1,3,2,1,1,58,75,77
2,2,2,1,1,76,62,60
1,4,2,1,0,68,71,75
2,1,3,2,0,58,60,57
2,2,2,1,0,52,48,49
2,4,4,1,0,75,73,74
1,2,2,2,1,52,67,72
1,3,4,2,0,62,78,79
2,2,3,1,0,66,65,60
1,2,2,2,0,49,58,55
1,2,2,1,0,66,72,70
1,3,3,2,0,35,44,43
1,1,3,1,1,72,79,82
2,5,1,1,1,94,85,82
1,4,1,2,0,46,56,57
1,2,5,1,0,77,90,84
1,2,2,2,1,76,85,82
1,3,1,1,1,52,59,62
2,3,4,1,1,91,81,79
1,2,2,1,1,32,51,44
1,5,2,2,0,72,79,77
1,2,3,1,0,19,38,32
2,3,1,2,0,68,65,61
1,3,5,2,0,52,65,61
1,2,2,1,0,48,62,60
1,4,3,2,0,60,66,70
2,4,2,2,0,66,74,69
2,5,2,1,1,89,84,77
1,2,2,1,0,42,52,51
1,5,1,2,1,57,68,73
2,4,2,1,0,70,70,70
1,5,1,2,0,70,84,81
2,5,3,1,0,69,60,54
1,3,1,1,0,52,55,57
2,3,2,1,1,67,73,68
2,3,2,1,1,76,80,73
1,5,1,1,0,87,94,95
1,2,3,1,0,82,85,87
1,3,3,1,0,73,76,78
2,1,3,2,0,75,81,74
1,4,3,2,0,64,74,75
1,5,2,2,0,41,45,40
2,3,2,1,0,90,75,69
2,2,4,1,0,59,54,51
2,1,2,1,0,51,31,36
2,1,2,2,0,45,47,49
1,3,5,1,1,54,64,67
2,5,2,1,1,87,84,76
1,3,2,1,0,72,80,83
2,2,2,1,1,94,86,87
1,1,4,1,0,45,59,64
2,4,4,2,1,61,70,76
1,2,2,2,0,60,72,68
1,3,2,1,0,77,91,88
1,1,2,1,1,85,90,92
1,4,4,2,0,78,90,93
2,5,3,2,1,49,52,51
1,2,2,2,0,71,87,82
1,3,2,2,0,48,58,52
2,3,2,1,0,62,67,58
1,3,1,2,1,56,68,70
1,3,2,1,0,65,69,76
1,4,2,2,1,69,86,81
2,2,2,1,0,68,54,53
1,1,3,2,0,61,60,57
1,3,4,2,1,74,86,89
2,1,4,1,0,64,60,58
1,2,2,1,1,77,82,89
2,2,3,1,0,58,50,45
1,3,2,1,1,60,64,74
2,5,2,1,0,73,64,57
1,1,2,1,1,75,82,79
2,2,1,2,1,58,57,53
1,3,1,1,0,66,77,73
1,4,2,2,0,39,52,46
2,3,2,1,0,64,58,51
1,2,2,2,1,23,44,36
2,2,3,2,1,74,77,76
1,4,2,2,1,40,65,64
2,5,5,1,0,90,85,84
2,3,5,1,1,91,85,85
2,4,2,1,0,64,54,50
1,3,2,1,0,59,72,68
2,4,1,1,0,80,75,69
2,3,5,1,0,71,67,67
1,1,2,1,0,61,68,63
1,5,3,1,0,87,85,93
2,5,2,1,0,82,67,61
2,3,2,1,0,62,64,55
1,2,4,1,0,97,97,96
2,2,3,2,0,75,68,65
1,3,4,1,0,65,79,81
2,2,2,1,1,52,49,46
2,3,1,2,0,87,73,72
1,3,1,1,0,53,62,53
1,5,5,2,0,81,86,87
2,4,4,2,1,39,42,38
1,3,3,1,1,71,71,80
2,3,1,1,0,97,93,91
2,4,3,1,1,82,82,88
2,3,2,2,0,59,53,52
2,2,1,1,0,61,42,41
2,5,1,2,1,78,74,72
2,3,1,2,0,49,51,51
2,2,2,1,0,59,58,47
1,3,3,1,1,70,72,76
2,2,1,1,1,82,84,78
2,5,1,2,0,90,90,82
1,3,4,2,0,43,62,61
2,3,3,2,0,80,64,66
2,4,3,1,0,81,82,84
2,3,2,1,0,57,61,54
1,4,2,1,0,59,72,80
1,4,1,1,0,64,76,74
2,3,4,1,1,63,64,66
1,5,4,1,1,71,70,70
1,2,2,2,0,64,73,71
2,4,4,2,0,55,46,44
1,5,1,1,0,51,51,54
1,3,1,1,1,62,76,80
1,5,1,1,1,93,100,95
2,3,2,2,0,54,72,59
1,4,3,2,0,69,65,74
2,4,2,2,0,44,51,48
1,5,3,1,1,86,85,91
1,5,1,1,0,85,92,85
1,1,5,2,0,50,67,73
2,4,2,1,1,88,74,75
1,5,1,1,0,59,62,69
1,5,2,2,0,32,34,38
2,2,2,2,0,36,29,27
1,2,2,2,1,63,78,79
2,4,1,1,1,67,54,63
1,4,2,1,1,65,78,82
2,4,5,1,0,85,84,89
1,3,5,1,0,73,78,74
1,1,2,2,1,34,48,41
1,4,4,2,1,93,100,100
1,4,2,2,0,67,84,84
2,4,3,1,0,88,77,77
2,2,2,1,0,57,48,51
1,4,3,1,1,79,84,91
1,3,4,2,0,67,75,72
2,5,4,1,1,70,64,70
2,4,4,2,0,50,42,48
1,1,3,1,0,69,84,82
1,3,4,1,1,52,61,66
1,3,4,2,1,47,62,66
1,2,1,2,0,46,61,55
1,5,3,1,0,68,70,66
2,5,4,1,1,100,100,100
1,3,2,1,0,44,61,52
1,3,1,1,1,57,77,80
2,2,3,1,1,91,96,91
2,4,2,2,0,69,70,67
1,3,2,2,0,35,53,46
2,4,2,1,0,72,66,66
1,2,1,2,0,54,65,65
2,4,2,2,0,74,70,69
2,5,2,1,1,74,64,60
2,5,1,2,0,64,56,52
1,4,2,2,1,65,61,71
2,5,1,2,1,46,43,44
1,3,2,2,0,48,56,51
2,3,3,2,1,67,74,70
2,4,3,2,0,62,57,62
2,4,1,2,1,61,71,73
2,3,4,2,1,70,75,74
2,3,1,1,1,98,87,90
2,4,3,2,0,70,63,58
2,1,1,1,0,67,57,53
1,5,2,2,0,57,58,57
2,4,3,1,1,85,81,85
2,4,2,1,1,77,68,69
2,3,5,2,1,72,66,72
1,4,5,1,0,78,91,96
2,3,2,1,0,81,66,64
2,1,2,2,1,61,62,61
1,2,2,1,0,58,68,61
1,3,1,1,0,54,61,58
2,2,2,1,0,82,82,80
1,4,3,2,0,49,58,60
2,2,2,2,1,49,50,52
1,5,2,2,1,57,75,73
2,5,2,1,0,94,73,71
1,4,3,1,1,75,77,83
1,5,2,2,0,74,74,72
2,3,2,1,1,58,52,54
1,3,3,1,0,62,69,69
2,5,1,1,0,72,57,62
2,3,3,1,0,84,87,81
1,4,5,1,0,92,100,100
1,4,2,1,0,45,63,59
2,3,2,1,0,75,81,71
1,1,3,1,0,56,58,64
1,4,2,2,0,48,54,53
1,5,1,1,0,100,100,100
1,3,2,2,1,65,76,75
2,4,3,1,0,72,57,58
1,4,3,1,0,62,70,72
2,1,2,1,1,66,68,64
2,3,3,1,0,63,63,60
1,5,1,1,0,68,76,67
1,2,4,1,0,75,84,80
1,4,4,1,0,89,100,100
2,3,2,1,1,78,72,69
1,1,2,2,1,53,50,60
1,4,3,2,0,49,65,61
1,1,3,1,0,54,63,67
1,3,3,1,1,64,82,77
2,2,3,2,1,60,62,60
2,3,1,1,0,62,65,58
2,4,2,1,1,55,41,48
1,3,1,1,0,91,95,94
1,2,2,2,0,8,24,23
2,4,2,1,0,81,78,78
2,2,2,1,1,79,85,86
1,1,3,1,1,78,87,91
1,3,2,1,0,74,75,82
2,1,2,1,0,57,51,54
1,3,1,1,0,40,59,51
2,5,2,1,1,81,75,76
1,1,2,2,0,44,45,45
1,4,3,2,1,67,86,83
2,5,2,2,1,86,81,75
1,2,2,1,1,65,82,78
1,4,1,2,0,55,76,76
1,4,4,2,0,62,72,74
2,1,2,1,0,63,63,62
1,5,5,1,1,88,99,95
2,3,2,2,0,62,55,55
1,3,2,2,1,59,71,65
1,4,3,1,1,68,78,77
1,4,3,2,0,77,86,86
